项目名称,部门,total_work_hours,median_labor_efficiency,profit,revenue,profit_efficiency,rescaled_profit_efficiency,logged_rescaled_profit_efficiency,rescaled_profit,logged_rescaled_profit,winsorized_logged_rescaled_profit_efficiency,Cluster,Project_Size,部门_项目名称
2024年金尚源改造,IT部,10.0,133.33333333333331,404.53,5513.65,40.452999999999996,773041.0279999999,13.558088696078627,2329408.13,14.661125201107247,13.558088696078627,0,Small,IT部 - 2024年金尚源改造
2024年金尚源改造,内审部,24.0,104.16666666666667,404.53,5513.65,16.855416666666667,773017.4304166667,13.558058169997702,2329408.13,14.661125201107247,13.558058169997702,0,Small,内审部 - 2024年金尚源改造
2024年金尚源改造,景观部,12.0,100.0,404.53,5513.65,33.71083333333333,773034.2858333333,13.558079974436305,2329408.13,14.661125201107247,13.558079974436305,0,Small,景观部 - 2024年金尚源改造
2024年金尚源改造,机电部,3.0,112.5,404.53,5513.65,134.84333333333333,773135.4183333333,13.55821079108477,2329408.13,14.661125201107247,13.55821079108477,0,Small,机电部 - 2024年金尚源改造
2024年金尚源改造,采购部,6.0,100.0,404.53,5513.65,67.42166666666667,773067.9966666666,13.558123581887266,2329408.13,14.661125201107247,13.558123581887266,0,Small,采购部 - 2024年金尚源改造
上海SH中信资本太古汇F40层办公室设计施工项目维保协议,采购部,18.0,100.0,5148.38,55081.66,286.0211111111111,773286.5961111111,13.558406310265598,2334151.98,14.663159633810963,13.558406310265598,0,Small,采购部 - 上海SH中信资本太古汇F40层办公室设计施工项目维保协议
上海虹口区友邦金融大厦26层2601室2608及2609室营销中心新建项目,IT部,52.0,100.0,-260072.04,3330791.81,-5001.385384615385,767999.1896153846,13.55154525902481,2068931.56,14.542543360739694,13.55154525902481,0,Small,IT部 - 上海虹口区友邦金融大厦26层2601室2608及2609室营销中心新建项目
上海虹口区友邦金融大厦26层2601室2608及2609室营销中心新建项目,业务部Tina,208.0,100.5952380952381,-260072.04,3330791.81,-1250.3463461538463,771750.2286538461,13.55641753439922,2068931.56,14.542543360739694,13.55641753439922,1,Medium,业务部Tina - 上海虹口区友邦金融大厦26层2601室2608及2609室营销中心新建项目
上海虹口区友邦金融大厦26层2601室2608及2609室营销中心新建项目,内审部,6.0,100.0,-260072.04,3330791.81,-43345.340000000004,729655.235,13.500328791252283,2068931.56,14.542543360739694,13.500328791252283,0,Small,内审部 - 上海虹口区友邦金融大厦26层2601室2608及2609室营销中心新建项目
上海虹口区友邦金融大厦26层2601室2608及2609室营销中心新建项目,机电部,69.0,100.27777777777777,-260072.04,3330791.81,-3769.1600000000003,769231.4149999999,13.553148432994494,2068931.56,14.542543360739694,13.553148432994494,0,Small,机电部 - 上海虹口区友邦金融大厦26层2601室2608及2609室营销中心新建项目
上海虹口区友邦金融大厦26层2601室2608及2609室营销中心新建项目,设计4部,420.0,104.16666666666667,-260072.04,3330791.81,-619.2191428571429,772381.3558571428,13.557234986004149,2068931.56,14.542543360739694,13.557234986004149,1,Medium,设计4部 - 上海虹口区友邦金融大厦26层2601室2608及2609室营销中心新建项目
上海虹口区友邦金融大厦26层2601室2608及2609室营销中心新建项目,采购部,107.0,102.42424242424244,-260072.04,3330791.81,-2430.579813084112,770569.9951869159,13.554887071206691,2068931.56,14.542543360739694,13.554887071206691,0,Small,采购部 - 上海虹口区友邦金融大厦26层2601室2608及2609室营销中心新建项目
上海虹口区友邦金融大厦26层2601室2608及2609室营销中心新建项目,预算部,208.5,100.0,-260072.04,3330791.81,-1247.3479136690648,771753.2270863309,13.556421419623563,2068931.56,14.542543360739694,13.556421419623563,1,Medium,预算部 - 上海虹口区友邦金融大厦26层2601室2608及2609室营销中心新建项目
世贸国际公寓设计施工项目,IT部,4.0,100.0,553987.96,2743965.31,138496.99,911497.565,13.722845298771585,2882991.56,14.874339395972047,13.722845298771585,0,Small,IT部 - 世贸国际公寓设计施工项目
世贸国际公寓设计施工项目,业务部Tina,23.0,100.0,553987.96,2743965.31,24086.43304347826,797087.0080434782,13.588720375820946,2882991.56,14.874339395972047,13.588720375820946,0,Small,业务部Tina - 世贸国际公寓设计施工项目
世贸国际公寓设计施工项目,深化部,3.0,100.0,553987.96,2743965.31,184662.65333333332,957663.2283333333,13.772252503171035,2882991.56,14.874339395972047,13.76276037089395,0,Small,深化部 - 世贸国际公寓设计施工项目
世贸国际公寓设计施工项目,私宅部,17.0,100.0,553987.96,2743965.31,32587.52705882353,805588.1020588235,13.599329092562645,2882991.56,14.874339395972047,13.599329092562645,0,Small,私宅部 - 世贸国际公寓设计施工项目
世贸国际公寓设计施工项目,采购部,106.0,100.51282051282051,553987.96,2743965.31,5226.301509433962,778226.876509434,13.564774660671311,2882991.56,14.874339395972047,13.564774660671311,0,Small,采购部 - 世贸国际公寓设计施工项目
世贸国际公寓设计施工项目,预算部,11.5,220.41666666666669,553987.96,2743965.31,48172.86608695652,821173.4410869565,13.618490839783519,2882991.56,14.874339395972047,13.618490839783519,0,Small,预算部 - 世贸国际公寓设计施工项目
东莞松山湖中集智谷28栋3层MAG华为黄区ODC场地门禁改造项目,IT部,4.0,133.33333333333331,-3893.35,41866.65,-973.3375,772027.2374999999,13.556776405410528,2325110.25,14.65927844532121,13.556776405410528,0,Small,IT部 - 东莞松山湖中集智谷28栋3层MAG华为黄区ODC场地门禁改造项目
东莞松山湖中集智谷28栋3层MAG华为黄区ODC场地门禁改造项目,预算部,1.0,100.0,-3893.35,41866.65,-3893.35,769107.225,13.552986973305995,2325110.25,14.65927844532121,13.552986973305995,0,Small,预算部 - 东莞松山湖中集智谷28栋3层MAG华为黄区ODC场地门禁改造项目
东莞松山湖中集智谷28栋4层MAG新凯来业务ODC场地退租项目,预算部,4.0,100.0,503.77,15754.55,125.9425,773126.5175,13.558199278388745,2329507.37,14.661167803278252,13.558199278388745,0,Small,预算部 - 东莞松山湖中集智谷28栋4层MAG新凯来业务ODC场地退租项目
东莞松山湖光大WE谷B1栋5层6层MAG华为黄区ODC场地门禁改造项目,IT部,1.0,100.0,-5691.48,55591.31,-5691.48,767309.095,13.550646294602082,2323312.12,14.658504793887278,13.550646294602082,0,Small,IT部 - 东莞松山湖光大WE谷B1栋5层6层MAG华为黄区ODC场地门禁改造项目
东莞松山湖光大WE谷B1栋5层6层MAG华为黄区ODC场地门禁改造项目,预算部,2.0,100.0,-5691.48,55591.31,-2845.74,770154.835,13.554348156470049,2323312.12,14.658504793887278,13.554348156470049,0,Small,预算部 - 东莞松山湖光大WE谷B1栋5层6层MAG华为黄区ODC场地门禁改造项目
东莞松山湖光大We谷A2栋4层MAG华为BPIT绿区电箱电缆更换改造项目,业务部Tina,6.0,112.5,-994.5,12213.14,-165.75,772834.825,13.55782191820763,2328009.1,14.660524426312026,13.55782191820763,0,Small,业务部Tina - 东莞松山湖光大We谷A2栋4层MAG华为BPIT绿区电箱电缆更换改造项目
东莞松山湖光大We谷A2栋4层MAG华为BPIT绿区电箱电缆更换改造项目,预算部,7.0,100.0,-994.5,12213.14,-142.07142857142858,772858.5035714285,13.557852556291335,2328009.1,14.660524426312026,13.557852556291335,0,Small,预算部 - 东莞松山湖光大We谷A2栋4层MAG华为BPIT绿区电箱电缆更换改造项目
中国人寿B1层餐厅改造项目,设计3部,5.0,104.16666666666667,221931.09,1193360.46,44386.218,817386.793,13.613868916063929,2550934.69,14.751970787084499,13.613868916063929,0,Small,设计3部 - 中国人寿B1层餐厅改造项目
俄罗斯天然气北京办公室改造项目,IT部,1.0,100.0,494300.94,2870968.4,494300.94,1267301.515,14.052401195602235,2823304.54,14.85341893375583,13.76276037089395,0,Small,IT部 - 俄罗斯天然气北京办公室改造项目
俄罗斯天然气北京办公室改造项目,业务部Tina,19.5,104.16666666666667,494300.94,2870968.4,25348.766153846154,798349.3411538461,13.590302804091419,2823304.54,14.85341893375583,13.590302804091419,0,Small,业务部Tina - 俄罗斯天然气北京办公室改造项目
俄罗斯天然气北京办公室改造项目,机电部,4.0,100.0,494300.94,2870968.4,123575.235,896575.8099999999,13.706339245992453,2823304.54,14.85341893375583,13.706339245992453,0,Small,机电部 - 俄罗斯天然气北京办公室改造项目
俄罗斯天然气北京办公室改造项目,深化部,29.0,127.8409090909091,494300.94,2870968.4,17044.86,790045.4349999999,13.579847001196828,2823304.54,14.85341893375583,13.579847001196828,0,Small,深化部 - 俄罗斯天然气北京办公室改造项目
俄罗斯天然气北京办公室改造项目,设计3部,5.0,100.0,494300.94,2870968.4,98860.188,871860.7629999999,13.678386161654394,2823304.54,14.85341893375583,13.678386161654394,0,Small,设计3部 - 俄罗斯天然气北京办公室改造项目
俄罗斯天然气北京办公室改造项目,采购部,17.0,100.0,494300.94,2870968.4,29076.52588235294,802077.1008823529,13.594961264753595,2823304.54,14.85341893375583,13.594961264753595,0,Small,采购部 - 俄罗斯天然气北京办公室改造项目
俄罗斯天然气北京办公室改造项目,预算部,39.0,100.0,494300.94,2870968.4,12674.383076923077,785674.958076923,13.5742997193282,2823304.54,14.85341893375583,13.5742997193282,0,Small,预算部 - 俄罗斯天然气北京办公室改造项目
冠宇达顺德厂房创研楼施工项目D栋,IT部,27.0,483.3333333333333,2634230.77,13124163.85,97564.1025925926,870564.6775925925,13.676898483469062,4963234.37,15.41756837838964,13.676898483469062,2,Large,IT部 - 冠宇达顺德厂房创研楼施工项目D栋
冠宇达顺德厂房创研楼施工项目D栋,业务部Lina,15.0,125.0,2634230.77,13124163.85,175615.38466666668,948615.9596666666,13.76276037089395,4963234.37,15.41756837838964,13.76276037089395,2,Large,业务部Lina - 冠宇达顺德厂房创研楼施工项目D栋
冠宇达顺德厂房创研楼施工项目D栋,机电部,122.0,557.8171091445429,2634230.77,13124163.85,21592.05549180328,794592.6304918033,13.585586106337306,4963234.37,15.41756837838964,13.585586106337306,2,Large,机电部 - 冠宇达顺德厂房创研楼施工项目D栋
冠宇达顺德厂房创研楼施工项目D栋,深化部,150.0,2383.333333333333,2634230.77,13124163.85,17561.538466666665,790562.1134666667,13.580500772377158,4963234.37,15.41756837838964,13.580500772377158,2,Large,深化部 - 冠宇达顺德厂房创研楼施工项目D栋
冠宇达顺德厂房创研楼施工项目D栋,设计2部,168.0,102.32683982683983,2634230.77,13124163.85,15679.94505952381,788680.5200595238,13.578117868224702,4963234.37,15.41756837838964,13.578117868224702,2,Large,设计2部 - 冠宇达顺德厂房创研楼施工项目D栋
冠宇达顺德厂房创研楼施工项目D栋,预算部,1.0,2300.0,2634230.77,13124163.85,2634230.77,3407231.3449999997,15.041410890678272,4963234.37,15.41756837838964,13.76276037089395,2,Large,预算部 - 冠宇达顺德厂房创研楼施工项目D栋
北京BJ伊藤忠华糖正大中心办公室设计施工项目,IT部,1.0,100.0,42189.77,605797.71,42189.77,815190.345,13.611178143807795,2371193.37,14.67890433975585,13.611178143807795,0,Small,IT部 - 北京BJ伊藤忠华糖正大中心办公室设计施工项目
北京BJ伊藤忠华糖正大中心办公室设计施工项目,机电部,4.0,100.0,42189.77,605797.71,10547.4425,783548.0175,13.571588901042082,2371193.37,14.67890433975585,13.571588901042082,0,Small,机电部 - 北京BJ伊藤忠华糖正大中心办公室设计施工项目
北京BJ伊藤忠华糖正大中心办公室设计施工项目,设计3部,45.0,119.04761904761907,42189.77,605797.71,937.5504444444443,773938.1254444444,13.559248500182262,2371193.37,14.67890433975585,13.559248500182262,0,Small,设计3部 - 北京BJ伊藤忠华糖正大中心办公室设计施工项目
北京BJ伊藤忠华糖正大中心办公室设计施工项目,预算部,14.5,105.625,42189.77,605797.71,2909.639310344827,775910.2143103448,13.561793378070988,2371193.37,14.67890433975585,13.561793378070988,0,Small,预算部 - 北京BJ伊藤忠华糖正大中心办公室设计施工项目
北京BJ华樾中心B座朝阳区创远路28号院1号楼项目,IT部,54.0,100.0,506636.7,31552050.36,9382.16111111111,782382.736111111,13.570100610307637,2835640.3000000003,14.857778677675666,13.570100610307637,2,Large,IT部 - 北京BJ华樾中心B座朝阳区创远路28号院1号楼项目
北京BJ华樾中心B座朝阳区创远路28号院1号楼项目,内审部,3.0,100.0,506636.7,31552050.36,168878.9,941879.475,13.75563366121926,2835640.3000000003,14.857778677675666,13.75563366121926,2,Large,内审部 - 北京BJ华樾中心B座朝阳区创远路28号院1号楼项目
北京BJ华樾中心B座朝阳区创远路28号院1号楼项目,景观部,5.0,156.25,506636.7,31552050.36,101327.34,874327.9149999999,13.681211916794133,2835640.3000000003,14.857778677675666,13.681211916794133,2,Large,景观部 - 北京BJ华樾中心B座朝阳区创远路28号院1号楼项目
北京BJ华樾中心B座朝阳区创远路28号院1号楼项目,机电部,125.0,101.08173076923077,506636.7,31552050.36,4053.0936,777053.6686,13.563265985433295,2835640.3000000003,14.857778677675666,13.563265985433295,2,Large,机电部 - 北京BJ华樾中心B座朝阳区创远路28号院1号楼项目
北京BJ华樾中心B座朝阳区创远路28号院1号楼项目,深化部,76.0,100.0,506636.7,31552050.36,6666.272368421053,779666.847368421,13.566623271264422,2835640.3000000003,14.857778677675666,13.566623271264422,2,Large,深化部 - 北京BJ华樾中心B座朝阳区创远路28号院1号楼项目
北京BJ华樾中心B座朝阳区创远路28号院1号楼项目,设计1部,433.0,100.0,506636.7,31552050.36,1170.061662817552,774170.6366628176,13.559548880782685,2835640.3000000003,14.857778677675666,13.559548880782685,1,Medium,设计1部 - 北京BJ华樾中心B座朝阳区创远路28号院1号楼项目
北京BJ华樾中心B座朝阳区创远路28号院1号楼项目,采购部,121.0,100.0,506636.7,31552050.36,4187.080165289256,777187.6551652892,13.563438399319297,2835640.3000000003,14.857778677675666,13.563438399319297,2,Large,采购部 - 北京BJ华樾中心B座朝阳区创远路28号院1号楼项目
北京BJ华樾中心B座朝阳区创远路28号院1号楼项目,预算部,224.0,100.0,506636.7,31552050.36,2261.770982142857,775262.3459821428,13.56095805188339,2835640.3000000003,14.857778677675666,13.56095805188339,2,Large,预算部 - 北京BJ华樾中心B座朝阳区创远路28号院1号楼项目
北京BJ大家书房首开书院大家书房标准设计项目,深化部,17.0,100.0,22659.48,188297.35,1332.9105882352942,774333.4855882352,13.5597592111439,2351663.08,14.670633754671208,13.5597592111439,0,Small,深化部 - 北京BJ大家书房首开书院大家书房标准设计项目
北京BJ大家书房首开书院大家书房标准设计项目,私宅部,32.0,100.0,22659.48,188297.35,708.10875,773708.68375,13.558951996615352,2351663.08,14.670633754671208,13.558951996615352,0,Small,私宅部 - 北京BJ大家书房首开书院大家书房标准设计项目
北京BJ大家书房首开书院大家书房标准设计项目,预算部,12.0,100.0,22659.48,188297.35,1888.29,774888.865,13.560476188559527,2351663.08,14.670633754671208,13.560476188559527,0,Small,预算部 - 北京BJ大家书房首开书院大家书房标准设计项目
北京BJ学大教育金尚城溪2F设计施工项目,IT部,11.0,100.0,372983.32,1878992.6,33907.57454545455,806908.1495454545,13.600966362904117,2701986.92,14.809498326729889,13.600966362904117,0,Small,IT部 - 北京BJ学大教育金尚城溪2F设计施工项目
北京BJ学大教育金尚城溪2F设计施工项目,设计1部,11.0,100.83333333333334,372983.32,1878992.6,33907.57454545455,806908.1495454545,13.600966362904117,2701986.92,14.809498326729889,13.600966362904117,0,Small,设计1部 - 北京BJ学大教育金尚城溪2F设计施工项目
北京BJ学大教育金尚城溪2F设计施工项目,预算部,16.0,106.66666666666666,372983.32,1878992.6,23311.4575,796312.0325,13.587747644430836,2701986.92,14.809498326729889,13.587747644430836,0,Small,预算部 - 北京BJ学大教育金尚城溪2F设计施工项目
北京BJ宝马品牌学院设计施工项目,IT部,6.0,100.0,-2329003.6,756700.42,-388167.26666666666,384833.3083333333,12.86056815266968,0.0,0.0,13.461840088924411,0,Small,IT部 - 北京BJ宝马品牌学院设计施工项目
北京BJ宝马品牌学院设计施工项目,景观部,10.0,119.04761904761907,-2329003.6,756700.42,-232900.36000000002,540100.215,13.199511836161863,0.0,0.0,13.461840088924411,0,Small,景观部 - 北京BJ宝马品牌学院设计施工项目
北京BJ宝马品牌学院设计施工项目,深化部,45.0,253.125,-2329003.6,756700.42,-51755.63555555556,721244.9394444444,13.488735466902213,0.0,0.0,13.488735466902213,0,Small,深化部 - 北京BJ宝马品牌学院设计施工项目
北京BJ宝马品牌学院设计施工项目,设计3部,84.0,100.0,-2329003.6,756700.42,-27726.233333333334,745274.3416666667,13.52150901521132,0.0,0.0,13.52150901521132,0,Small,设计3部 - 北京BJ宝马品牌学院设计施工项目
北京BJ宝马品牌学院设计施工项目,采购部,4.0,100.0,-2329003.6,756700.42,-582250.9,190749.67499999993,12.158722487803614,0.0,0.0,13.461840088924411,0,Small,采购部 - 北京BJ宝马品牌学院设计施工项目
北京BJ宝马品牌学院设计施工项目,预算部,34.0,100.0,-2329003.6,756700.42,-68500.10588235295,704500.469117647,13.465245695652476,0.0,0.0,13.465245695652476,0,Small,预算部 - 北京BJ宝马品牌学院设计施工项目
北京BJ巴基斯坦大使馆朝阳区巴基斯坦大使馆会议室改造项目,IT部,39.0,104.16666666666667,643373.89,2356031.89,16496.766410256412,789497.3414102563,13.579153011865312,2972377.49,14.904873028662763,13.579153011865312,0,Small,IT部 - 北京BJ巴基斯坦大使馆朝阳区巴基斯坦大使馆会议室改造项目
北京BJ巴基斯坦大使馆朝阳区巴基斯坦大使馆会议室改造项目,内审部,2.0,100.0,643373.89,2356031.89,321686.945,1094687.52,13.905980424146275,2972377.49,14.904873028662763,13.76276037089395,0,Small,内审部 - 北京BJ巴基斯坦大使馆朝阳区巴基斯坦大使馆会议室改造项目
北京BJ巴基斯坦大使馆朝阳区巴基斯坦大使馆会议室改造项目,机电部,28.0,100.0,643373.89,2356031.89,22977.63892857143,795978.2139285714,13.587328351330504,2972377.49,14.904873028662763,13.587328351330504,0,Small,机电部 - 北京BJ巴基斯坦大使馆朝阳区巴基斯坦大使馆会议室改造项目
北京BJ巴基斯坦大使馆朝阳区巴基斯坦大使馆会议室改造项目,深化部,335.0,101.37061403508773,643373.89,2356031.89,1920.5190746268656,774921.0940746268,13.560517779507956,2972377.49,14.904873028662763,13.560517779507956,1,Medium,深化部 - 北京BJ巴基斯坦大使馆朝阳区巴基斯坦大使馆会议室改造项目
北京BJ巴基斯坦大使馆朝阳区巴基斯坦大使馆会议室改造项目,私宅部,158.0,107.20588235294117,643373.89,2356031.89,4071.98664556962,777072.5616455696,13.563290298801013,2972377.49,14.904873028662763,13.563290298801013,0,Small,私宅部 - 北京BJ巴基斯坦大使馆朝阳区巴基斯坦大使馆会议室改造项目
北京BJ巴基斯坦大使馆朝阳区巴基斯坦大使馆会议室改造项目,设计3部,11.0,126.04166666666666,643373.89,2356031.89,58488.535454545454,831489.1104545454,13.63097468392388,2972377.49,14.904873028662763,13.63097468392388,0,Small,设计3部 - 北京BJ巴基斯坦大使馆朝阳区巴基斯坦大使馆会议室改造项目
北京BJ巴基斯坦大使馆朝阳区巴基斯坦大使馆会议室改造项目,采购部,46.0,100.27777777777777,643373.89,2356031.89,13986.388913043478,786986.9639130434,13.575968233652405,2972377.49,14.904873028662763,13.575968233652405,0,Small,采购部 - 北京BJ巴基斯坦大使馆朝阳区巴基斯坦大使馆会议室改造项目
北京BJ巴基斯坦大使馆朝阳区巴基斯坦大使馆会议室改造项目,预算部,86.5,100.22727272727272,643373.89,2356031.89,7437.848439306358,780438.4234393063,13.567612403419924,2972377.49,14.904873028662763,13.567612403419924,0,Small,预算部 - 北京BJ巴基斯坦大使馆朝阳区巴基斯坦大使馆会议室改造项目
北京BJ恐龙乐园恐龙主题乐园项目,IT部,33.0,102.85714285714286,2008437.27,13738309.54,60861.73545454546,833862.3104545454,13.633824771570936,4337440.87,15.282795301418341,13.633824771570936,2,Large,IT部 - 北京BJ恐龙乐园恐龙主题乐园项目
北京BJ恐龙乐园恐龙主题乐园项目,机电部,118.0,101.86011904761904,2008437.27,13738309.54,17020.654830508476,790021.2298305085,13.579816363073268,4337440.87,15.282795301418341,13.579816363073268,2,Large,机电部 - 北京BJ恐龙乐园恐龙主题乐园项目
北京BJ恐龙乐园恐龙主题乐园项目,深化部,66.0,100.0,2008437.27,13738309.54,30430.86772727273,803431.4427272726,13.596648381878493,4337440.87,15.282795301418341,13.596648381878493,2,Large,深化部 - 北京BJ恐龙乐园恐龙主题乐园项目
北京BJ恐龙乐园恐龙主题乐园项目,设计1部,48.0,104.16666666666667,2008437.27,13738309.54,41842.443125,814843.018125,13.610751985102144,4337440.87,15.282795301418341,13.610751985102144,2,Large,设计1部 - 北京BJ恐龙乐园恐龙主题乐园项目
北京BJ恐龙乐园恐龙主题乐园项目,采购部,4.5,253.125,2008437.27,13738309.54,446319.3933333333,1219319.9683333333,14.013804678426105,4337440.87,15.282795301418341,13.76276037089395,2,Large,采购部 - 北京BJ恐龙乐园恐龙主题乐园项目
北京BJ恐龙乐园恐龙主题乐园项目,预算部,99.0,100.0,2008437.27,13738309.54,20287.24515151515,793287.8201515151,13.583942646352664,4337440.87,15.282795301418341,13.583942646352664,2,Large,预算部 - 北京BJ恐龙乐园恐龙主题乐园项目
北京大学兰园书院设计项目,景观部,95.0,100.0,14186978.68,14662648.74,149336.61768421053,922337.1926842105,13.73466723862796,16515982.28,16.619839153635947,13.73466723862796,2,Large,景观部 - 北京大学兰园书院设计项目
北京大学兰园书院设计项目,私宅部,6.0,100.0,14186978.68,14662648.74,2364496.446666667,3137497.0216666665,14.958936231877487,16515982.28,16.619839153635947,13.76276037089395,2,Large,私宅部 - 北京大学兰园书院设计项目
北京大学兰园书院设计项目,预算部,1.0,100.0,14186978.68,14662648.74,14186978.68,14959979.254999999,16.520889210656794,16515982.28,16.619839153635947,13.76276037089395,2,Large,预算部 - 北京大学兰园书院设计项目
北京大学燕京学堂设计项目,IT部,1.0,100.0,15165.96,240064.08,15165.96,788166.5349999999,13.577465954110187,2344169.56,14.667442191536951,13.577465954110187,0,Small,IT部 - 北京大学燕京学堂设计项目
北京大学燕京学堂设计项目,内审部,3.0,100.0,15165.96,240064.08,5055.32,778055.8949999999,13.564554930306725,2344169.56,14.667442191536951,13.564554930306725,0,Small,内审部 - 北京大学燕京学堂设计项目
北京大学燕京学堂设计项目,景观部,88.0,100.44642857142857,15165.96,240064.08,172.34045454545455,773172.9154545454,13.55825928991505,2344169.56,14.667442191536951,13.55825928991505,0,Small,景观部 - 北京大学燕京学堂设计项目
北京大学燕京学堂设计项目,深化部,44.0,100.0,15165.96,240064.08,344.6809090909091,773345.2559090909,13.55848216506204,2344169.56,14.667442191536951,13.55848216506204,0,Small,深化部 - 北京大学燕京学堂设计项目
北京大学燕京学堂设计项目,私宅部,38.0,180.0,15165.96,240064.08,399.10421052631574,773399.6792105263,13.558552536368714,2344169.56,14.667442191536951,13.558552536368714,0,Small,私宅部 - 北京大学燕京学堂设计项目
北京大学燕京学堂设计项目,采购部,20.0,100.0,15165.96,240064.08,758.298,773758.8729999999,13.559016862834914,2344169.56,14.667442191536951,13.559016862834914,0,Small,采购部 - 北京大学燕京学堂设计项目
北京大学燕京学堂设计项目,预算部,9.0,133.33333333333331,15165.96,240064.08,1685.1066666666666,774685.6816666666,13.560213944871165,2344169.56,14.667442191536951,13.560213944871165,0,Small,预算部 - 北京大学燕京学堂设计项目
北京海淀区互联网创新中心3层二期综合场地退租项目,预算部,2.0,100.0,6787.74,64653.7,3393.87,776394.445,13.562417263438556,2335791.3400000003,14.663861723430866,13.562417263438556,0,Small,预算部 - 北京海淀区互联网创新中心3层二期综合场地退租项目
北京海淀区环保园C2栋1F3FMAG门禁系统升级改造项目,IT部,3.0,112.5,1178.73,42047.22,392.91,773393.485,13.55854452727912,2330182.33,14.661457504850018,13.55854452727912,0,Small,IT部 - 北京海淀区环保园C2栋1F3FMAG门禁系统升级改造项目
北京海淀区环保园C2栋1F3FMAG门禁系统升级改造项目,预算部,13.0,100.0,1178.73,42047.22,90.67153846153846,773091.2465384615,13.558153656204416,2330182.33,14.661457504850018,13.558153656204416,0,Small,预算部 - 北京海淀区环保园C2栋1F3FMAG门禁系统升级改造项目
北京海淀区软通总部大楼3层DOS滴滴业务场地网络改造项目,预算部,6.0,100.0,-4000.48,40775.21,-666.7466666666667,772333.8283333333,13.557173450437237,2325003.12,14.659232369045034,13.557173450437237,0,Small,预算部 - 北京海淀区软通总部大楼3层DOS滴滴业务场地网络改造项目
北京海淀软通总部大楼1层ICP实验室改造项目,内审部,4.0,100.0,365256.87,383746.04,91314.2175,864314.7925,13.669693481585831,2694260.47,14.806634687664454,13.669693481585831,0,Small,内审部 - 北京海淀软通总部大楼1层ICP实验室改造项目
北京海淀软通总部大楼1层ICP实验室改造项目,预算部,2.0,100.0,365256.87,383746.04,182628.435,955629.01,13.77012609829397,2694260.47,14.806634687664454,13.76276037089395,0,Small,预算部 - 北京海淀软通总部大楼1层ICP实验室改造项目
北京海淀软通总部大楼1层ICP实验室空调系统升级改造项目,预算部,4.0,100.0,1751.31,35941.78,437.8275,773438.4025,13.558602603974201,2330754.91,14.661703197820211,13.558602603974201,0,Small,预算部 - 北京海淀软通总部大楼1层ICP实验室空调系统升级改造项目
北京海淀软通总部大楼1层人形机器人实验室改造项目,机电部,9.0,112.5,4292.15,54392.41,476.9055555555555,773477.4805555556,13.558653127736312,2333295.75,14.662792739657139,13.558653127736312,0,Small,机电部 - 北京海淀软通总部大楼1层人形机器人实验室改造项目
北京海淀软通总部大楼1层人形机器人实验室改造项目,设计4部,16.0,100.0,4292.15,54392.41,268.259375,773268.834375,13.55838334088113,2333295.75,14.662792739657139,13.55838334088113,0,Small,设计4部 - 北京海淀软通总部大楼1层人形机器人实验室改造项目
北京海淀软通总部大楼1层人形机器人实验室改造项目,采购部,8.0,100.0,4292.15,54392.41,536.51875,773537.09375,13.55873019632816,2333295.75,14.662792739657139,13.55873019632816,0,Small,采购部 - 北京海淀软通总部大楼1层人形机器人实验室改造项目
北京海淀软通总部大楼1层人形机器人实验室改造项目,预算部,8.0,100.0,4292.15,54392.41,536.51875,773537.09375,13.55873019632816,2333295.75,14.662792739657139,13.55873019632816,0,Small,预算部 - 北京海淀软通总部大楼1层人形机器人实验室改造项目
北京海淀软通总部大楼2层ICP保密实验室及1层实验室隔音改造项目,IT部,2.0,100.0,-6430.86,226528.06,-3215.43,769785.1449999999,13.553868021488467,2322572.74,14.658186499435208,13.553868021488467,0,Small,IT部 - 北京海淀软通总部大楼2层ICP保密实验室及1层实验室隔音改造项目
北京海淀软通总部大楼室外连廊监控升级改造项目,预算部,2.0,100.0,-3229.62,51254.68,-1614.81,771385.7649999999,13.55594516749215,2325773.98,14.65956386619443,13.55594516749215,0,Small,预算部 - 北京海淀软通总部大楼室外连廊监控升级改造项目
南京江宁天域互联D1栋5层MAG华为原黄区撤场区域改回PC黄区项目,业务部Tina,14.0,102.08333333333334,5220.15,54336.75,372.86785714285713,773373.4428571428,13.558518612428495,2334223.75,14.6631903811087,13.558518612428495,0,Small,业务部Tina - 南京江宁天域互联D1栋5层MAG华为原黄区撤场区域改回PC黄区项目
南京江宁天域互联D1栋5层MAG华为原黄区撤场区域改回PC黄区项目,预算部,8.0,106.66666666666666,5220.15,54336.75,652.51875,773653.09375,13.558880145379291,2334223.75,14.6631903811087,13.558880145379291,0,Small,预算部 - 南京江宁天域互联D1栋5层MAG华为原黄区撤场区域改回PC黄区项目
南京江宁天域互联D2栋3层及5层MAG华为业务ODC场地门禁改造项目,预算部,2.0,100.0,1695.92,118696.81,847.96,773848.5349999999,13.55913273444908,2330699.52,14.661679432715534,13.55913273444908,0,Small,预算部 - 南京江宁天域互联D2栋3层及5层MAG华为业务ODC场地门禁改造项目
南京雨花区怡化中心B栋4层MAG华为业务ODC场地门禁改造项目,预算部,2.0,100.0,1582.86,42618.98,791.43,773792.005,13.559059681404124,2330586.46,14.661630922518134,13.559059681404124,0,Small,预算部 - 南京雨花区怡化中心B栋4层MAG华为业务ODC场地门禁改造项目
南京雨花区怡化大厦B座3层307309单元MAG华为业务场地新建项目,IT部,4.0,100.0,-68439.35,756523.21,-17109.8375,755890.7374999999,13.535653440541866,2260564.25,14.63112545059549,13.535653440541866,0,Small,IT部 - 南京雨花区怡化大厦B座3层307309单元MAG华为业务场地新建项目
南京雨花区怡化大厦B座3层307309单元MAG华为业务场地新建项目,业务部Tina,26.0,100.0,-68439.35,756523.21,-2632.2826923076927,770368.2923076922,13.554625279257953,2260564.25,14.63112545059549,13.554625279257953,0,Small,业务部Tina - 南京雨花区怡化大厦B座3层307309单元MAG华为业务场地新建项目
南京雨花区怡化大厦B座3层307309单元MAG华为业务场地新建项目,机电部,14.0,108.88888888888889,-68439.35,756523.21,-4888.525000000001,768112.0499999999,13.551692201817708,2260564.25,14.63112545059549,13.551692201817708,0,Small,机电部 - 南京雨花区怡化大厦B座3层307309单元MAG华为业务场地新建项目
南京雨花区怡化大厦B座3层307309单元MAG华为业务场地新建项目,采购部,6.0,112.5,-68439.35,756523.21,-11406.558333333334,761594.0166666666,13.543170219195588,2260564.25,14.63112545059549,13.543170219195588,0,Small,采购部 - 南京雨花区怡化大厦B座3层307309单元MAG华为业务场地新建项目
南京雨花区怡化大厦B座3层307309单元MAG华为业务场地新建项目,预算部,24.0,112.5,-68439.35,756523.21,-2851.6395833333336,770148.9354166667,13.554340496194477,2260564.25,14.63112545059549,13.554340496194477,0,Small,预算部 - 南京雨花区怡化大厦B座3层307309单元MAG华为业务场地新建项目
南京雨花区怡化大厦B座4层10单元MAG华为慧通商旅业务蓝区新建项目,IT部,1.0,100.0,5596.64,476475.62,5596.64,778597.215,13.565250421579444,2334600.24,14.663351659340798,13.565250421579444,0,Small,IT部 - 南京雨花区怡化大厦B座4层10单元MAG华为慧通商旅业务蓝区新建项目
南京雨花区怡化大厦B座4层10单元MAG华为慧通商旅业务蓝区新建项目,机电部,3.0,100.0,5596.64,476475.62,1865.5466666666669,774866.1216666666,13.56044683772126,2334600.24,14.663351659340798,13.56044683772126,0,Small,机电部 - 南京雨花区怡化大厦B座4层10单元MAG华为慧通商旅业务蓝区新建项目
南京雨花区怡化大厦B座4层10单元MAG华为慧通商旅业务蓝区新建项目,预算部,3.0,112.5,5596.64,476475.62,1865.5466666666669,774866.1216666666,13.56044683772126,2334600.24,14.663351659340798,13.56044683772126,0,Small,预算部 - 南京雨花区怡化大厦B座4层10单元MAG华为慧通商旅业务蓝区新建项目
南京雨花区怡化大厦D栋4层MAG华为业务ODC场地门禁改造项目,预算部,3.0,112.5,-3071.54,39274.47,-1023.8466666666667,771976.7283333333,13.55671097928161,2325932.06,14.659631832626847,13.55671097928161,0,Small,预算部 - 南京雨花区怡化大厦D栋4层MAG华为业务ODC场地门禁改造项目
博彦科技中关村软件园二层会议区改造项目,业务部Tina,2.0,100.0,141871.45,566785.03,70935.725,843936.2999999999,13.645833481718995,2470875.0500000003,14.720083321834815,13.645833481718995,0,Small,业务部Tina - 博彦科技中关村软件园二层会议区改造项目
博彦科技中关村软件园二层会议区改造项目,机电部,8.0,100.0,141871.45,566785.03,17733.93125,790734.50625,13.580718811881988,2470875.0500000003,14.720083321834815,13.580718811881988,0,Small,机电部 - 博彦科技中关村软件园二层会议区改造项目
博彦科技中关村软件园二层会议区改造项目,设计3部,24.5,101.25,141871.45,566785.03,5790.671428571429,778791.2464285714,13.565499596637828,2470875.0500000003,14.720083321834815,13.565499596637828,0,Small,设计3部 - 博彦科技中关村软件园二层会议区改造项目
博彦科技中关村软件园二层会议区改造项目,预算部,11.5,126.04166666666666,141871.45,566785.03,12336.647826086957,785337.2228260869,13.57386976107557,2470875.0500000003,14.720083321834815,13.57386976107557,0,Small,预算部 - 博彦科技中关村软件园二层会议区改造项目
博彦科技平安金融中心接待室改造项目,IT部,5.0,100.0,29769.77,429291.58,5953.954,778954.529,13.565709235931944,2358773.37,14.673652707355032,13.565709235931944,0,Small,IT部 - 博彦科技平安金融中心接待室改造项目
博彦科技平安金融中心接待室改造项目,业务部Tina,34.0,100.0,29769.77,429291.58,875.5814705882353,773876.1564705882,13.55916842740539,2358773.37,14.673652707355032,13.55916842740539,0,Small,业务部Tina - 博彦科技平安金融中心接待室改造项目
博彦科技平安金融中心接待室改造项目,机电部,11.0,126.04166666666666,29769.77,429291.58,2706.342727272727,775706.9177272727,13.561531333629748,2358773.37,14.673652707355032,13.561531333629748,0,Small,机电部 - 博彦科技平安金融中心接待室改造项目
博彦科技平安金融中心接待室改造项目,深化部,7.0,122.5,29769.77,429291.58,4252.824285714286,777253.3992857143,13.56352298797023,2358773.37,14.673652707355032,13.56352298797023,0,Small,深化部 - 博彦科技平安金融中心接待室改造项目
博彦科技平安金融中心接待室改造项目,设计3部,36.0,100.13736263736264,29769.77,429291.58,826.9380555555556,773827.5130555555,13.559105568664215,2358773.37,14.673652707355032,13.559105568664215,0,Small,设计3部 - 博彦科技平安金融中心接待室改造项目
博彦科技平安金融中心接待室改造项目,采购部,66.0,101.25,29769.77,429291.58,451.0571212121212,773451.6321212121,13.558619708750639,2358773.37,14.673652707355032,13.558619708750639,0,Small,采购部 - 博彦科技平安金融中心接待室改造项目
博彦科技平安金融中心接待室改造项目,预算部,14.0,100.0,29769.77,429291.58,2126.412142857143,775126.987142857,13.56078343940106,2358773.37,14.673652707355032,13.56078343940106,0,Small,预算部 - 博彦科技平安金融中心接待室改造项目
合肥蜀山区创新国际B15层TTR场地退租改造项目,业务部Tina,4.0,100.0,-18466.66,293326.92,-4616.665,768383.9099999999,13.55204607147444,2310536.94,14.652990929845803,13.55204607147444,0,Small,业务部Tina - 合肥蜀山区创新国际B15层TTR场地退租改造项目
成都武侯区西部智谷3层DOS场地网络改造项目,预算部,4.0,100.0,2264.41,29859.28,566.1025,773566.6775,13.558768440319687,2331268.0100000002,14.661923316764607,13.558768440319687,0,Small,预算部 - 成都武侯区西部智谷3层DOS场地网络改造项目
成都武侯区西部智谷4层DOS场地监控系统升级改造项目,预算部,6.0,100.0,9643.56,130565.19,1607.26,774607.835,13.560113451884652,2338647.16,14.6650836109938,13.560113451884652,0,Small,预算部 - 成都武侯区西部智谷4层DOS场地监控系统升级改造项目
成都郫都区万科菁蓉都会战略交付基地一期8层新建项目,机电部,35.0,246.9758064516129,-1455293.23,7936466.19,-41579.80657142857,731420.7684285714,13.50274554694056,873710.3700000001,13.680505359821744,13.50274554694056,0,Small,机电部 - 成都郫都区万科菁蓉都会战略交付基地一期8层新建项目
成都郫都区万科菁蓉都会战略交付基地一期8层新建项目,设计4部,8.0,100.0,-1455293.23,7936466.19,-181911.65375,591088.9212499999,13.289723435829671,873710.3700000001,13.680505359821744,13.461840088924411,0,Small,设计4部 - 成都郫都区万科菁蓉都会战略交付基地一期8层新建项目
成都郫都区万科菁蓉都会战略交付基地一期9层新建项目,IT部,9.0,112.5,186356.91,2894182.43,20706.323333333334,793706.8983333333,13.584470786312473,2515360.5100000002,14.737927092736845,13.584470786312473,0,Small,IT部 - 成都郫都区万科菁蓉都会战略交付基地一期9层新建项目
成都郫都区万科菁蓉都会战略交付基地一期9层新建项目,深化部,9.0,104.16666666666667,186356.91,2894182.43,20706.323333333334,793706.8983333333,13.584470786312473,2515360.5100000002,14.737927092736845,13.584470786312473,0,Small,深化部 - 成都郫都区万科菁蓉都会战略交付基地一期9层新建项目
成都郫都区万科菁蓉都会战略交付基地一期9层新建项目,预算部,51.0,100.0,186356.91,2894182.43,3654.0570588235296,776654.6320588235,13.56275232912326,2515360.5100000002,14.737927092736845,13.56275232912326,0,Small,预算部 - 成都郫都区万科菁蓉都会战略交付基地一期9层新建项目
成都高新紫光芯云B座3层18层19层MAG及DOS场地退租优化改造项目,预算部,5.0,104.16666666666667,5764.71,357926.91,1152.942,774153.517,13.5595267670145,2334768.31,14.663423647630555,13.5595267670145,0,Small,预算部 - 成都高新紫光芯云B座3层18层19层MAG及DOS场地退租优化改造项目
杭州HZ乐华娱乐杭州星澜里4号楼10F项目,IT部,49.0,100.0,174035.12,866250.99,3551.7371428571428,776552.3121428571,13.562620576191375,2503038.72,14.733016439245251,13.562620576191375,0,Small,IT部 - 杭州HZ乐华娱乐杭州星澜里4号楼10F项目
杭州HZ乐华娱乐杭州星澜里4号楼10F项目,机电部,8.0,100.0,174035.12,866250.99,21754.39,794754.965,13.585790384249758,2503038.72,14.733016439245251,13.585790384249758,0,Small,机电部 - 杭州HZ乐华娱乐杭州星澜里4号楼10F项目
杭州HZ乐华娱乐杭州星澜里4号楼10F项目,深化部,11.0,302.5,174035.12,866250.99,15821.374545454544,788821.9495454545,13.578297176098669,2503038.72,14.733016439245251,13.578297176098669,0,Small,深化部 - 杭州HZ乐华娱乐杭州星澜里4号楼10F项目
杭州HZ乐华娱乐杭州星澜里4号楼10F项目,设计1部,35.0,102.08333333333334,174035.12,866250.99,4972.432,777973.007,13.564448392576693,2503038.72,14.733016439245251,13.564448392576693,0,Small,设计1部 - 杭州HZ乐华娱乐杭州星澜里4号楼10F项目
杭州HZ乐华娱乐杭州星澜里4号楼10F项目,采购部,14.5,100.0,174035.12,866250.99,12002.422068965518,785002.9970689655,13.573444088559182,2503038.72,14.733016439245251,13.573444088559182,0,Small,采购部 - 杭州HZ乐华娱乐杭州星澜里4号楼10F项目
杭州HZ乐华娱乐杭州星澜里4号楼10F项目,预算部,58.0,100.0,174035.12,866250.99,3000.6055172413794,776001.1805172414,13.561910609106306,2503038.72,14.733016439245251,13.561910609106306,0,Small,预算部 - 杭州HZ乐华娱乐杭州星澜里4号楼10F项目
杭州慧港科技园A1栋5层6层MAG消费者场地空调系统改造项目,预算部,14.5,100.0,1422.55,96913.38,98.10689655172413,773098.6818965516,13.558163273843666,2330426.15,14.661562134919949,13.558163273843666,0,Small,预算部 - 杭州慧港科技园A1栋5层6层MAG消费者场地空调系统改造项目
杭州慧港科技园A1栋5层6层MAG消费者场地窗帘改造项目,预算部,16.0,100.0,513.69,7325.86,32.105625,773032.6806249999,13.558077897933423,2329517.29,14.661172061678437,13.558077897933423,0,Small,预算部 - 杭州慧港科技园A1栋5层6层MAG消费者场地窗帘改造项目
杭州慧港科技园A1栋5层6层MAG消费者场地门禁系统改造项目,IT部,5.0,100.0,-4770.81,60337.81,-954.162,772046.413,13.556801242924148,2324232.79,14.658900990001001,13.556801242924148,0,Small,IT部 - 杭州慧港科技园A1栋5层6层MAG消费者场地门禁系统改造项目
杭州慧港科技园A1栋5层6层MAG消费者场地门禁系统改造项目,机电部,2.0,100.0,-4770.81,60337.81,-2385.405,770615.1699999999,13.554945694603145,2324232.79,14.658900990001001,13.554945694603145,0,Small,机电部 - 杭州慧港科技园A1栋5层6层MAG消费者场地门禁系统改造项目
杭州慧港科技园A1栋5层6层MAG消费者场地门禁系统改造项目,预算部,8.0,100.0,-4770.81,60337.81,-596.35125,772404.22375,13.55726459252502,2324232.79,14.658900990001001,13.55726459252502,0,Small,预算部 - 杭州慧港科技园A1栋5层6层MAG消费者场地门禁系统改造项目
杭州滨江慧港科技园栋5层综合场地网络改造项目,预算部,6.0,100.0,614.32,15503.75,102.38666666666667,773102.9616666667,13.558168809686416,2329617.92,14.661215258517458,13.558168809686416,0,Small,预算部 - 杭州滨江慧港科技园栋5层综合场地网络改造项目
横琴大厦办公室改造项目,IT部,1.0,100.0,27267.6,419849.6,27267.6,800268.1749999999,13.592703418807147,2356271.2,14.672591351884737,13.592703418807147,0,Small,IT部 - 横琴大厦办公室改造项目
横琴大厦办公室改造项目,业务部Lina,0.30000000000000004,100.0,27267.6,419849.6,90891.99999999999,863892.575,13.669204863115938,2356271.2,14.672591351884737,13.669204863115938,0,Small,业务部Lina - 横琴大厦办公室改造项目
横琴大厦办公室改造项目,设计4部,12.0,112.5,27267.6,419849.6,2272.2999999999997,775272.875,13.560971633005744,2356271.2,14.672591351884737,13.560971633005744,0,Small,设计4部 - 横琴大厦办公室改造项目
横琴大厦办公室改造项目,预算部,7.0,102.08333333333334,27267.6,419849.6,3895.371428571428,776895.9464285714,13.56306299047458,2356271.2,14.672591351884737,13.56306299047458,0,Small,预算部 - 横琴大厦办公室改造项目
武汉东湖高新区当代梦工厂5栋10层TTR场地改造项目,预算部,1.0,100.0,-2655.33,62551.65,-2655.33,770345.245,13.554595361590303,2326348.27,14.659810759859369,13.554595361590303,0,Small,预算部 - 武汉东湖高新区当代梦工厂5栋10层TTR场地改造项目
武汉东湖高新区未来科技城C2栋10层MAG会议室网络电路改造项目,IT部,6.0,100.0,1409.52,20811.64,234.92,773235.495,13.558340225150697,2330413.12,14.661556543654664,13.558340225150697,0,Small,IT部 - 武汉东湖高新区未来科技城C2栋10层MAG会议室网络电路改造项目
武汉东湖高新区未来科技城C2栋10层MAG会议室网络电路改造项目,预算部,8.0,100.0,1409.52,20811.64,176.19,773176.7649999999,13.558264268789523,2330413.12,14.661556543654664,13.558264268789523,0,Small,预算部 - 武汉东湖高新区未来科技城C2栋10层MAG会议室网络电路改造项目
武汉东湖高新区未来科技城C2栋10层MAG场地电路及监控系统改造项目,预算部,6.0,112.5,-13321.56,158501.7,-2220.2599999999998,770780.315,13.555159974180267,2315682.04,14.655215251659902,13.555159974180267,0,Small,预算部 - 武汉东湖高新区未来科技城C2栋10层MAG场地电路及监控系统改造项目
武汉东湖高新区未来科技城C2栋10层MAG场地门禁系统升级改造项目,机电部,2.0,100.0,-8213.84,48316.93,-4106.92,768893.6549999999,13.55270924950697,2320789.7600000002,14.657418530395676,13.55270924950697,0,Small,机电部 - 武汉东湖高新区未来科技城C2栋10层MAG场地门禁系统升级改造项目
武汉东湖高新区未来科技城C2栋10层MAG场地门禁系统升级改造项目,预算部,4.0,100.0,-8213.84,48316.93,-2053.46,770947.115,13.555376354561163,2320789.7600000002,14.657418530395676,13.555376354561163,0,Small,预算部 - 武汉东湖高新区未来科技城C2栋10层MAG场地门禁系统升级改造项目
武汉东湖高新区未来科技城F3栋3F4F6F8F13FMAG空间布局及门禁系统升级改造项目,IT部,3.0,100.0,47087.21,356572.3,15695.736666666666,788696.3116666666,13.57813789081766,2376090.81,14.680967599290534,13.57813789081766,0,Small,IT部 - 武汉东湖高新区未来科技城F3栋3F4F6F8F13FMAG空间布局及门禁系统升级改造项目
武汉东湖高新区未来科技城F3栋3F4F6F8F13FMAG空间布局及门禁系统升级改造项目,预算部,6.0,112.5,47087.21,356572.3,7847.868333333333,780848.4433333332,13.5681376360174,2376090.81,14.680967599290534,13.5681376360174,0,Small,预算部 - 武汉东湖高新区未来科技城F3栋3F4F6F8F13FMAG空间布局及门禁系统升级改造项目
武汉东湖高新区未来科技城F3栋3层MAG屏蔽房改造项目,IT部,3.0,100.0,-5069.47,56220.52,-1689.8233333333335,771310.7516666666,13.555847917987359,2323934.13,14.658772483483466,13.555847917987359,0,Small,IT部 - 武汉东湖高新区未来科技城F3栋3层MAG屏蔽房改造项目
武汉东湖高新区未来科技城F3栋3层MAG屏蔽房改造项目,预算部,8.0,100.0,-5069.47,56220.52,-633.68375,772366.89125,13.557216258566273,2323934.13,14.658772483483466,13.557216258566273,0,Small,预算部 - 武汉东湖高新区未来科技城F3栋3层MAG屏蔽房改造项目
武汉东湖高新区未来科技城F3栋3层MAG硬工场地空调升级改造项目,机电部,2.0,100.0,-577.57,15787.15,-288.785,772711.7899999999,13.557662706133593,2328426.0300000003,14.660703503142432,13.557662706133593,0,Small,机电部 - 武汉东湖高新区未来科技城F3栋3层MAG硬工场地空调升级改造项目
武汉东湖高新区未来科技城F3栋3层MAG硬工场地空调升级改造项目,预算部,2.0,100.0,-577.57,15787.15,-288.785,772711.7899999999,13.557662706133593,2328426.0300000003,14.660703503142432,13.557662706133593,0,Small,预算部 - 武汉东湖高新区未来科技城F3栋3层MAG硬工场地空调升级改造项目
沈阳沈河区前海人寿金融中心21层CDS场地新建项目,IT部,9.0,144.64285714285714,22853.7,264001.37,2539.3,775539.875,13.561315968140084,2351857.3000000003,14.670716339587116,13.561315968140084,0,Small,IT部 - 沈阳沈河区前海人寿金融中心21层CDS场地新建项目
沈阳沈河区前海人寿金融中心21层CDS场地新建项目,业务部Tina,26.0,112.5,22853.7,264001.37,878.9884615384616,773879.5634615384,13.559172829891525,2351857.3000000003,14.670716339587116,13.559172829891525,0,Small,业务部Tina - 沈阳沈河区前海人寿金融中心21层CDS场地新建项目
沈阳沈河区前海人寿金融中心21层CDS场地新建项目,机电部,10.0,100.0,22853.7,264001.37,2285.37,775285.945,13.560988491422172,2351857.3000000003,14.670716339587116,13.560988491422172,0,Small,机电部 - 沈阳沈河区前海人寿金融中心21层CDS场地新建项目
沈阳沈河区前海人寿金融中心21层CDS场地新建项目,采购部,23.0,100.0,22853.7,264001.37,993.6391304347826,773994.2141304348,13.559320969258735,2351857.3000000003,14.670716339587116,13.559320969258735,0,Small,采购部 - 沈阳沈河区前海人寿金融中心21层CDS场地新建项目
沈阳沈河区前海人寿金融中心21层CDS场地新建项目,预算部,8.0,100.0,22853.7,264001.37,2856.7125,775857.2875,13.561725163287408,2351857.3000000003,14.670716339587116,13.561725163287408,0,Small,预算部 - 沈阳沈河区前海人寿金融中心21层CDS场地新建项目
济南历下区平安金融中心8层803804单元MAG华为业务专属场地扩建项目,IT部,1.0,100.0,-82548.92,865780.28,-82548.92,690451.6549999999,13.445102683224373,2246454.68,14.62486427883124,13.461840088924411,0,Small,IT部 - 济南历下区平安金融中心8层803804单元MAG华为业务专属场地扩建项目
济南历下区平安金融中心8层803804单元MAG华为业务专属场地扩建项目,内审部,1.0,100.0,-82548.92,865780.28,-82548.92,690451.6549999999,13.445102683224373,2246454.68,14.62486427883124,13.461840088924411,0,Small,内审部 - 济南历下区平安金融中心8层803804单元MAG华为业务专属场地扩建项目
济南历下区平安金融中心8层803804单元MAG华为业务专属场地扩建项目,采购部,15.0,104.16666666666667,-82548.92,865780.28,-5503.261333333333,767497.3136666666,13.550891561264093,2246454.68,14.62486427883124,13.550891561264093,0,Small,采购部 - 济南历下区平安金融中心8层803804单元MAG华为业务专属场地扩建项目
济南历下区平安金融中心8层803804单元MAG华为业务专属场地扩建项目,预算部,1.0,100.0,-82548.92,865780.28,-82548.92,690451.6549999999,13.445102683224373,2246454.68,14.62486427883124,13.461840088924411,0,Small,预算部 - 济南历下区平安金融中心8层803804单元MAG华为业务专属场地扩建项目
济南历下区平安金融中心8层综合场地新建项目,IT部,3.0,112.5,-70895.28,946381.68,-23631.76,749368.815,13.526987885640729,2258108.3200000003,14.630038437045927,13.526987885640729,0,Small,IT部 - 济南历下区平安金融中心8层综合场地新建项目
济南历下区平安金融中心8层综合场地新建项目,内审部,1.0,100.0,-70895.28,946381.68,-70895.28,702105.2949999999,13.461840088924411,2258108.3200000003,14.630038437045927,13.461840088924411,0,Small,内审部 - 济南历下区平安金融中心8层综合场地新建项目
济南历下区平安金融中心8层综合场地新建项目,采购部,14.0,100.0,-70895.28,946381.68,-5063.948571428571,767936.6264285714,13.551463793243848,2258108.3200000003,14.630038437045927,13.551463793243848,0,Small,采购部 - 济南历下区平安金融中心8层综合场地新建项目
济南历下区平安金融中心8层综合场地新建项目,预算部,1.0,100.0,-70895.28,946381.68,-70895.28,702105.2949999999,13.461840088924411,2258108.3200000003,14.630038437045927,13.461840088924411,0,Small,预算部 - 济南历下区平安金融中心8层综合场地新建项目
济南历下区平安金融中心9层MAG华为业务专属场地新建项目,IT部,23.0,100.0,312240.66,3199507.97,13575.680869565216,786576.2558695652,13.57544622408122,2641244.2600000002,14.786761053305966,13.57544622408122,0,Small,IT部 - 济南历下区平安金融中心9层MAG华为业务专属场地新建项目
济南历下区平安金融中心9层MAG华为业务专属场地新建项目,内审部,1.0,100.0,312240.66,3199507.97,312240.66,1085241.2349999999,13.89731377810284,2641244.2600000002,14.786761053305966,13.76276037089395,0,Small,内审部 - 济南历下区平安金融中心9层MAG华为业务专属场地新建项目
济南历下区平安金融中心9层MAG华为业务专属场地新建项目,机电部,2.0,100.0,312240.66,3199507.97,156120.33,929120.9049999999,13.741995230930966,2641244.2600000002,14.786761053305966,13.741995230930966,0,Small,机电部 - 济南历下区平安金融中心9层MAG华为业务专属场地新建项目
济南历下区平安金融中心9层MAG华为业务专属场地新建项目,采购部,16.0,100.0,312240.66,3199507.97,19515.04125,792515.61625,13.582968751390743,2641244.2600000002,14.786761053305966,13.582968751390743,0,Small,采购部 - 济南历下区平安金融中心9层MAG华为业务专属场地新建项目
济南历下区平安金融中心9层MAG华为业务专属场地新建项目,预算部,3.5,102.08333333333334,312240.66,3199507.97,89211.61714285714,862212.1921428571,13.667257841738147,2641244.2600000002,14.786761053305966,13.667257841738147,0,Small,预算部 - 济南历下区平安金融中心9层MAG华为业务专属场地新建项目
海淀文化艺术大厦设计项目,IT部,8.0,170.83333333333331,227093.0,1136035.0,28386.625,801387.2,13.594100752843186,2556096.6,14.753992278414083,13.594100752843186,0,Small,IT部 - 海淀文化艺术大厦设计项目
海淀文化艺术大厦设计项目,业务部Lina,11.9,100.0,227093.0,1136035.0,19083.44537815126,792084.0203781512,13.582424013997388,2556096.6,14.753992278414083,13.582424013997388,0,Small,业务部Lina - 海淀文化艺术大厦设计项目
海淀文化艺术大厦设计项目,设计3部,28.0,100.0,227093.0,1136035.0,8110.464285714285,781111.0392857143,13.568473874724663,2556096.6,14.753992278414083,13.568473874724663,0,Small,设计3部 - 海淀文化艺术大厦设计项目
海淀文化艺术大厦设计项目,预算部,43.0,112.5,227093.0,1136035.0,5281.232558139535,778281.8075581394,13.56484524296707,2556096.6,14.753992278414083,13.56484524296707,0,Small,预算部 - 海淀文化艺术大厦设计项目
深圳福田新浩E都4层6层MAG荣耀场地机房空调管道漏水5层天花修复项目,预算部,8.0,100.0,-321.58,24823.69,-40.1975,772960.3775,13.557984361896974,2328682.02,14.660813438272807,13.557984361896974,0,Small,预算部 - 深圳福田新浩E都4层6层MAG荣耀场地机房空调管道漏水5层天花修复项目
深圳龙岗区金荣达6栋及2栋1层MAG华为业务ODC场地门禁改造项目,IT部,9.0,104.16666666666667,-11578.02,136576.33,-1286.4466666666667,771714.1283333333,13.556370756158339,2317425.58,14.655967895229905,13.556370756158339,0,Small,IT部 - 深圳龙岗区金荣达6栋及2栋1层MAG华为业务ODC场地门禁改造项目
深圳龙岗区金荣达6栋及2栋1层MAG华为业务ODC场地门禁改造项目,预算部,8.0,100.0,-11578.02,136576.33,-1447.2525,771553.3225,13.556162359842546,2317425.58,14.655967895229905,13.556162359842546,0,Small,预算部 - 深圳龙岗区金荣达6栋及2栋1层MAG华为业务ODC场地门禁改造项目
深圳龙岗天安云谷6栋2627层MAG华为业务ODC场地门禁改造项目,IT部,1.0,100.0,-3589.35,75899.8,-3589.35,769411.225,13.553382158178522,2325414.25,14.659409183206666,13.553382158178522,0,Small,IT部 - 深圳龙岗天安云谷6栋2627层MAG华为业务ODC场地门禁改造项目
深圳龙岗天安云谷6栋2627层MAG华为业务ODC场地门禁改造项目,预算部,8.0,100.0,-3589.35,75899.8,-448.66875,772551.90625,13.557455772463921,2325414.25,14.659409183206666,13.557455772463921,0,Small,预算部 - 深圳龙岗天安云谷6栋2627层MAG华为业务ODC场地门禁改造项目
深圳龙岗金荣达6栋1层MAG华为专属场地前台综合升级改造项目,预算部,2.0,100.0,-1546001.15,41306.64,-773000.575,0.0,0.0,783002.4500000002,13.5708923810935,13.461840088924411,0,Small,预算部 - 深圳龙岗金荣达6栋1层MAG华为专属场地前台综合升级改造项目
硕达国际货运办公室改造设计施工项目,业务部Tina,1.0,100.0,23028.74,132097.53,23028.74,796029.315,13.58739254827219,2352032.3400000003,14.670790763070256,13.58739254827219,0,Small,业务部Tina - 硕达国际货运办公室改造设计施工项目
硕达国际货运办公室改造设计施工项目,深化部,4.0,100.0,23028.74,132097.53,5757.185,778757.76,13.56545659781668,2352032.3400000003,14.670790763070256,13.56545659781668,0,Small,深化部 - 硕达国际货运办公室改造设计施工项目
硕达国际货运办公室改造设计施工项目,设计2部,20.0,100.0,23028.74,132097.53,1151.4370000000001,774152.012,13.559524822956266,2352032.3400000003,14.670790763070256,13.559524822956266,0,Small,设计2部 - 硕达国际货运办公室改造设计施工项目
硕达国际货运办公室改造设计施工项目,预算部,0.5,100.0,23028.74,132097.53,46057.48,819058.0549999999,13.615911466462784,2352032.3400000003,14.670790763070256,13.615911466462784,0,Small,预算部 - 硕达国际货运办公室改造设计施工项目
西安灞桥区前海人寿大厦1314层BANK中行业务ODC场地新增无线AP改造项目,IT部,3.0,112.5,-3036.74,24227.68,-1012.2466666666666,771988.3283333333,13.556726005508951,2325966.86,14.659646794252469,13.556726005508951,0,Small,IT部 - 西安灞桥区前海人寿大厦1314层BANK中行业务ODC场地新增无线AP改造项目
西安灞桥区前海人寿大厦1314层BANK中行业务ODC场地新增无线AP改造项目,业务部Tina,2.0,100.0,-3036.74,24227.68,-1518.37,771482.205,13.556070181267776,2325966.86,14.659646794252469,13.556070181267776,0,Small,业务部Tina - 西安灞桥区前海人寿大厦1314层BANK中行业务ODC场地新增无线AP改造项目
西安灞桥区前海人寿大厦1314层BANK中行业务ODC场地新增无线AP改造项目,预算部,7.0,204.16666666666666,-3036.74,24227.68,-433.82,772566.755,13.557474992645714,2325966.86,14.659646794252469,13.557474992645714,0,Small,预算部 - 西安灞桥区前海人寿大厦1314层BANK中行业务ODC场地新增无线AP改造项目
西安长安区沣东学研广场B座5层综合场地退租关联A座4层改造项目,采购部,1.0,100.0,366070.93,635997.17,366070.93,1139071.505,13.945724897119733,2695074.5300000003,14.80693678790654,13.76276037089395,0,Small,采购部 - 西安长安区沣东学研广场B座5层综合场地退租关联A座4层改造项目
西安高新区新加坡腾飞科汇城东楼22层MAG华为ICTT终端业务新建项目,IT部,1.0,100.0,-218397.09,1461193.43,-218397.09,554603.485,13.2260104990406,2110606.5100000002,14.562486383442684,13.461840088924411,0,Small,IT部 - 西安高新区新加坡腾飞科汇城东楼22层MAG华为ICTT终端业务新建项目
西安高新区新加坡腾飞科汇城东楼22层MAG华为ICTT终端业务新建项目,采购部,1.0,100.0,-218397.09,1461193.43,-218397.09,554603.485,13.2260104990406,2110606.5100000002,14.562486383442684,13.461840088924411,0,Small,采购部 - 西安高新区新加坡腾飞科汇城东楼22层MAG华为ICTT终端业务新建项目
西安高新区新加坡腾飞科汇城东楼22层MAG华为ICTT终端业务新建项目,预算部,16.0,100.0,-218397.09,1461193.43,-13649.818125,759350.756875,13.540220396812156,2110606.5100000002,14.562486383442684,13.540220396812156,0,Small,预算部 - 西安高新区新加坡腾飞科汇城东楼22层MAG华为ICTT终端业务新建项目
西安高新区环普产业园A2幢13层MAG华为BPIT绿区ODC场地新建项目,采购部,1.0,100.0,113078.84,2003959.08,113078.84,886079.4149999999,13.694562987319626,2442082.44,14.708362101783218,13.694562987319626,0,Small,采购部 - 西安高新区环普产业园A2幢13层MAG华为BPIT绿区ODC场地新建项目
西安高新区环普产业园A2幢7层MAG华为ICTT创新实验室改终端互联网ODC场地项目,内审部,4.0,100.0,-3484.14,46214.63,-871.035,772129.5399999999,13.556908907976506,2325519.46,14.659454425715518,13.556908907976506,0,Small,内审部 - 西安高新区环普产业园A2幢7层MAG华为ICTT创新实验室改终端互联网ODC场地项目
西安高新区环普产业园A2幢7层MAG华为ICTT创新实验室改终端互联网ODC场地项目,预算部,9.0,112.5,-3484.14,46214.63,-387.12666666666667,772613.4483333332,13.557535429962746,2325519.46,14.659454425715518,13.557535429962746,0,Small,预算部 - 西安高新区环普产业园A2幢7层MAG华为ICTT创新实验室改终端互联网ODC场地项目
西安高新区环普产业园A2幢7层MAG华为荣耀场地配线间机房空调维修改造项目,预算部,7.0,122.5,-559.95,7563.5,-79.99285714285715,772920.5821428571,13.557932876295295,2328443.65,14.66071107045423,13.557932876295295,0,Small,预算部 - 西安高新区环普产业园A2幢7层MAG华为荣耀场地配线间机房空调维修改造项目
西安高新区环普产业园E幢25层MAG华为场地机房消防器材七氟丙烷维护项目,预算部,6.0,100.0,-6904.67,107943.69,-1150.7783333333334,771849.7966666666,13.556546541761643,2322098.93,14.657982476489654,13.556546541761643,0,Small,预算部 - 西安高新区环普产业园E幢25层MAG华为场地机房消防器材七氟丙烷维护项目
西安高新区环普产业园E幢2层3层MAG华为业务场地改造项目,预算部,22.0,302.5,11217.34,193803.47,509.8790909090909,773510.4540909091,13.558695757018661,2340220.94,14.665756328990117,13.558695757018661,0,Small,预算部 - 西安高新区环普产业园E幢2层3层MAG华为业务场地改造项目
西安高新区环普产业园E栋35层MAG华为业务ODC场地门禁改造项目,机电部,1.0,100.0,-22189.43,331822.66,-22189.43,750811.1449999999,13.528910759642509,2306814.17,14.651378416911239,13.528910759642509,0,Small,机电部 - 西安高新区环普产业园E栋35层MAG华为业务ODC场地门禁改造项目
邢台面粉厂片区改造一期地库设计项目,IT部,23.0,146.94444444444443,1634954.16,6876098.33,71084.96347826086,844085.5384782609,13.646010302063884,3963957.76,15.192753770745203,13.646010302063884,0,Small,IT部 - 邢台面粉厂片区改造一期地库设计项目
邢台面粉厂片区改造一期地库设计项目,机电部,8.0,100.0,1634954.16,6876098.33,204369.27,977369.845,13.792621434234762,3963957.76,15.192753770745203,13.76276037089395,0,Small,机电部 - 邢台面粉厂片区改造一期地库设计项目
邢台面粉厂片区改造一期地库设计项目,深化部,70.0,100.0,1634954.16,6876098.33,23356.487999999998,796357.063,13.587804191573731,3963957.76,15.192753770745203,13.587804191573731,0,Small,深化部 - 邢台面粉厂片区改造一期地库设计项目
邢台面粉厂片区改造一期地库设计项目,设计3部,28.0,100.0,1634954.16,6876098.33,58391.219999999994,831391.7949999999,13.630857639657759,3963957.76,15.192753770745203,13.630857639657759,0,Small,设计3部 - 邢台面粉厂片区改造一期地库设计项目
郑州金水区政商博雅超聚变场地4层绿区ODC改造项目,预算部,1.0,100.0,2520.24,32042.36,2520.24,775520.815,13.561291391441639,2331523.8400000003,14.662033049259112,13.561291391441639,0,Small,预算部 - 郑州金水区政商博雅超聚变场地4层绿区ODC改造项目
郑州金水区西亚斯园区11号楼5层INT场地改造项目,IT部,12.0,100.0,-15483.53,240982.52,-1290.2941666666668,771710.2808333333,13.556365770497893,2313520.0700000003,14.65428119470073,13.556365770497893,0,Small,IT部 - 郑州金水区西亚斯园区11号楼5层INT场地改造项目
郑州金水区西亚斯园区11号楼5层INT场地改造项目,业务部Tina,17.0,103.21428571428571,-15483.53,240982.52,-910.7958823529412,772089.779117647,13.556857411624437,2313520.0700000003,14.65428119470073,13.556857411624437,0,Small,业务部Tina - 郑州金水区西亚斯园区11号楼5层INT场地改造项目
郑州金水区西亚斯园区11号楼5层INT场地改造项目,机电部,18.0,144.64285714285714,-15483.53,240982.52,-860.1961111111111,772140.3788888889,13.556922945515824,2313520.0700000003,14.65428119470073,13.556922945515824,0,Small,机电部 - 郑州金水区西亚斯园区11号楼5层INT场地改造项目
郑州金水区西亚斯园区11号楼5层INT场地改造项目,采购部,9.0,100.0,-15483.53,240982.52,-1720.3922222222222,771280.1827777778,13.555808284862884,2313520.0700000003,14.65428119470073,13.555808284862884,0,Small,采购部 - 郑州金水区西亚斯园区11号楼5层INT场地改造项目
郑州金水区西亚斯园区11号楼5层INT场地改造项目,预算部,23.0,100.0,-15483.53,240982.52,-673.1969565217391,772327.3780434782,13.557165098726871,2313520.0700000003,14.65428119470073,13.557165098726871,0,Small,预算部 - 郑州金水区西亚斯园区11号楼5层INT场地改造项目
重庆两江新区互联网产业园2期6号楼5层8层TTR及DOS场地退租项目,预算部,1.0,100.0,30398.46,77611.55,30398.46,803399.0349999999,13.596608044472166,2359402.06,14.673919204328937,13.596608044472166,0,Small,预算部 - 重庆两江新区互联网产业园2期6号楼5层8层TTR及DOS场地退租项目
重庆两江新区互联网产业园二期6号楼1112层DOS场地改造项目,IT部,18.0,100.0,-4599.03,130405.07,-255.50166666666667,772745.0733333332,13.557705778562278,2324404.5700000003,14.658974895497545,13.557705778562278,0,Small,IT部 - 重庆两江新区互联网产业园二期6号楼1112层DOS场地改造项目
重庆两江新区互联网产业园二期6号楼1112层DOS场地改造项目,预算部,16.0,100.0,-4599.03,130405.07,-287.439375,772713.135625,13.557664447561773,2324404.5700000003,14.658974895497545,13.557664447561773,0,Small,预算部 - 重庆两江新区互联网产业园二期6号楼1112层DOS场地改造项目
长沙岳麓区芯城科技园2栋24层MAG门禁系统升级改造项目,IT部,10.0,100.0,-2355.6,44832.59,-235.56,772765.0149999999,13.557731584464177,2326648.0,14.659939592918407,13.557731584464177,0,Small,IT部 - 长沙岳麓区芯城科技园2栋24层MAG门禁系统升级改造项目
长沙岳麓区芯城科技园2栋24层MAG门禁系统升级改造项目,机电部,2.0,100.0,-2355.6,44832.59,-1177.8,771822.7749999999,13.556511532223796,2326648.0,14.659939592918407,13.556511532223796,0,Small,机电部 - 长沙岳麓区芯城科技园2栋24层MAG门禁系统升级改造项目
长沙岳麓区芯城科技园2栋24层MAG门禁系统升级改造项目,预算部,14.0,204.16666666666666,-2355.6,44832.59,-168.25714285714284,772832.3178571428,13.557818674120279,2326648.0,14.659939592918407,13.557818674120279,0,Small,预算部 - 长沙岳麓区芯城科技园2栋24层MAG门禁系统升级改造项目
长沙高新区麓谷信息港B栋14层开放区改蓝区项目,预算部,2.0,100.0,4209.65,43752.88,2104.825,775105.3999999999,13.56075558923461,2333213.25,14.662757381334826,13.56075558923461,0,Small,预算部 - 长沙高新区麓谷信息港B栋14层开放区改蓝区项目
阿里华谊兄弟办公室餐饮办公会所设计项目,IT部,81.0,35.85164835164835,-444230.93,28176430.93,-5484.332469135802,767516.2425308642,13.550916224029395,1884772.6700000002,14.449318302689875,13.550916224029395,2,Large,IT部 - 阿里华谊兄弟办公室餐饮办公会所设计项目
阿里华谊兄弟办公室餐饮办公会所设计项目,业务部Lina,38.0,20.833333333333336,-444230.93,28176430.93,-11690.287631578947,761310.287368421,13.542797603623931,1884772.6700000002,14.449318302689875,13.542797603623931,2,Large,业务部Lina - 阿里华谊兄弟办公室餐饮办公会所设计项目
阿里华谊兄弟办公室餐饮办公会所设计项目,机电部,257.0,100.0,-444230.93,28176430.93,-1728.525019455253,771272.0499805447,13.555797740277727,1884772.6700000002,14.449318302689875,13.555797740277727,1,Medium,机电部 - 阿里华谊兄弟办公室餐饮办公会所设计项目
阿里华谊兄弟办公室餐饮办公会所设计项目,深化部,468.0,46.12903225806452,-444230.93,28176430.93,-949.2113888888889,772051.3636111111,13.556807655218465,1884772.6700000002,14.449318302689875,13.556807655218465,1,Medium,深化部 - 阿里华谊兄弟办公室餐饮办公会所设计项目
阿里华谊兄弟办公室餐饮办公会所设计项目,设计2部,99.0,100.0,-444230.93,28176430.93,-4487.181111111111,768513.3938888889,13.552214571634298,1884772.6700000002,14.449318302689875,13.552214571634298,2,Large,设计2部 - 阿里华谊兄弟办公室餐饮办公会所设计项目
阿里华谊兄弟办公室餐饮办公会所设计项目,预算部,134.5,95.83333333333334,-444230.93,28176430.93,-3302.8321933085504,769697.7428066914,13.55375447416612,1884772.6700000002,14.449318302689875,13.55375447416612,2,Large,预算部 - 阿里华谊兄弟办公室餐饮办公会所设计项目
